away,home,date
LAD,SDP,2024-03-20
SDP,LAD,2024-03-21
MIL,NYM,2024-03-28
LAA,BAL,2024-03-28
ATL,PHI,2024-03-28
WSN,CIN,2024-03-28
SFG,SDP,2024-03-28
STL,LAD,2024-03-28
TOR,TBR,2024-03-28
MIN,KCR,2024-03-28
DET,CHW,2024-03-28
PIT,MIA,2024-03-28
NYY,HOU,2024-03-28
CHC,TEX,2024-03-28
CLE,OAK,2024-03-28
COL,ARI,2024-03-28
BOS,SEA,2024-03-28
TOR,TBR,2024-03-29
PIT,MIA,2024-03-29
NYY,HOU,2024-03-29
COL,ARI,2024-03-29
CLE,OAK,2024-03-29
BOS,SEA,2024-03-29
SFG,SDP,2024-03-29
STL,LAD,2024-03-29
MIL,NYM,2024-03-30
DET,CHW,2024-03-30
LAA,BAL,2024-03-30
ATL,PHI,2024-03-30
CLE,OAK,2024-03-30
WSN,CIN,2024-03-30
TOR,TBR,2024-03-30
MIN,KCR,2024-03-30
PIT,MIA,2024-03-30
CHC,TEX,2024-03-30
SFG,SDP,2024-03-30
NYY,HOU,2024-03-30
COL,ARI,2024-03-30
STL,LAD,2024-03-30
BOS,SEA,2024-03-30
LAA,BAL,2024-03-31
ATL,PHI,2024-03-31
WSN,CIN,2024-03-31
TOR,TBR,2024-03-31
PIT,MIA,2024-03-31
MIL,NYM,2024-03-31
MIN,KCR,2024-03-31
DET,CHW,2024-03-31
NYY,HOU,2024-03-31
CHC,TEX,2024-03-31
CLE,OAK,2024-03-31
COL,ARI,2024-03-31
BOS,SEA,2024-03-31
SFG,SDP,2024-03-31
STL,LAD,2024-03-31
ATL,CHW,2024-04-01
COL,CHC,2024-04-01
PIT,WSN,2024-04-01
KCR,BAL,2024-04-01
CIN,PHI,2024-04-01
LAA,MIA,2024-04-01
TEX,TBR,2024-04-01
DET,NYM,2024-04-01
TOR,HOU,2024-04-01
BOS,OAK,2024-04-01
CLE,SEA,2024-04-01
STL,SDP,2024-04-01
NYY,ARI,2024-04-01
SFG,LAD,2024-04-01
MIN,MIL,2024-04-02
KCR,BAL,2024-04-02
CIN,PHI,2024-04-02
LAA,MIA,2024-04-02
TEX,TBR,2024-04-02
DET,NYM,2024-04-02
COL,CHC,2024-04-02
ATL,CHW,2024-04-02
TOR,HOU,2024-04-02
BOS,OAK,2024-04-02
CLE,SEA,2024-04-02
STL,SDP,2024-04-02
NYY,ARI,2024-04-02
SFG,LAD,2024-04-02
KCR,BAL,2024-04-03
CIN,PHI,2024-04-03
TEX,TBR,2024-04-03
LAA,MIA,2024-04-03
MIN,MIL,2024-04-03
ATL,CHW,2024-04-03
BOS,OAK,2024-04-03
NYY,ARI,2024-04-03
CLE,SEA,2024-04-03
STL,SDP,2024-04-03
PIT,WSN,2024-04-03
DET,NYM,2024-04-03
COL,CHC,2024-04-03
TOR,HOU,2024-04-03
SFG,LAD,2024-04-03
PIT,WSN,2024-04-04
CLE,MIN,2024-04-04
MIA,STL,2024-04-04
CHW,KCR,2024-04-04
TOR,NYY,2024-04-05
OAK,DET,2024-04-05
LAD,CHC,2024-04-05
TBR,COL,2024-04-05
BAL,PIT,2024-04-05
SDP,SFG,2024-04-05
NYM,CIN,2024-04-05
PHI,WSN,2024-04-05
ARI,ATL,2024-04-05
CHW,KCR,2024-04-05
HOU,TEX,2024-04-05
SEA,MIL,2024-04-05
BOS,LAA,2024-04-05
OAK,DET,2024-04-06
CLE,MIN,2024-04-06
MIA,STL,2024-04-06
LAD,CHC,2024-04-06
BAL,PIT,2024-04-06
PHI,WSN,2024-04-06
NYM,CIN,2024-04-06
HOU,TEX,2024-04-06
TOR,NYY,2024-04-06
CHW,KCR,2024-04-06
SEA,MIL,2024-04-06
ARI,ATL,2024-04-06
TBR,COL,2024-04-06
SDP,SFG,2024-04-06
BOS,LAA,2024-04-06
BAL,PIT,2024-04-07
PHI,WSN,2024-04-07
ARI,ATL,2024-04-07
TOR,NYY,2024-04-07
NYM,CIN,2024-04-07
OAK,DET,2024-04-07
CLE,MIN,2024-04-07
CHW,KCR,2024-04-07
SEA,MIL,2024-04-07
MIA,STL,2024-04-07
LAD,CHC,2024-04-07
TBR,COL,2024-04-07
SDP,SFG,2024-04-07
BOS,LAA,2024-04-07
HOU,TEX,2024-04-07
MIA,NYY,2024-04-08
CHW,CLE,2024-04-08
DET,PIT,2024-04-08
MIL,CIN,2024-04-08
SEA,TOR,2024-04-08
NYM,ATL,2024-04-08
LAD,MIN,2024-04-08
PHI,STL,2024-04-08
HOU,TEX,2024-04-08
ARI,COL,2024-04-08
TBR,LAA,2024-04-08
CHC,SDP,2024-04-08
WSN,SFG,2024-04-08
DET,PIT,2024-04-09
BAL,BOS,2024-04-09
CHW,CLE,2024-04-09
MIL,CIN,2024-04-09
MIA,NYY,2024-04-09
SEA,TOR,2024-04-09
NYM,ATL,2024-04-09
HOU,KCR,2024-04-09
LAD,MIN,2024-04-09
PHI,STL,2024-04-09
OAK,TEX,2024-04-09
ARI,COL,2024-04-09
TBR,LAA,2024-04-09
WSN,SFG,2024-04-09
CHC,SDP,2024-04-09
LAD,MIN,2024-04-10
PHI,STL,2024-04-10
SEA,TOR,2024-04-10
ARI,COL,2024-04-10
WSN,SFG,2024-04-10
TBR,LAA,2024-04-10
CHW,CLE,2024-04-10
CHC,SDP,2024-04-10
MIL,CIN,2024-04-10
MIA,NYY,2024-04-10
BAL,BOS,2024-04-10
NYM,ATL,2024-04-10
HOU,KCR,2024-04-10
OAK,TEX,2024-04-10
NYM,ATL,2024-04-11
MIN,DET,2024-04-11
MIL,CIN,2024-04-11
HOU,KCR,2024-04-11
OAK,TEX,2024-04-11
PIT,PHI,2024-04-11
BAL,BOS,2024-04-11
MIN,DET,2024-04-12
PIT,PHI,2024-04-12
SFG,TBR,2024-04-12
MIL,BAL,2024-04-12
COL,TOR,2024-04-12
LAA,BOS,2024-04-12
KCR,NYM,2024-04-12
ATL,MIA,2024-04-12
NYY,CLE,2024-04-12
CIN,CHW,2024-04-12
TEX,HOU,2024-04-12
WSN,OAK,2024-04-12
CHC,SEA,2024-04-12
STL,ARI,2024-04-12
SDP,LAD,2024-04-12
MIN,DET,2024-04-13
KCR,NYM,2024-04-13
CIN,CHW,2024-04-13
COL,TOR,2024-04-13
TEX,HOU,2024-04-13
PIT,PHI,2024-04-13
MIL,BAL,2024-04-13
WSN,OAK,2024-04-13
LAA,BOS,2024-04-13
SFG,TBR,2024-04-13
ATL,MIA,2024-04-13
NYY,CLE,2024-04-13
STL,ARI,2024-04-13
SDP,LAD,2024-04-13
CHC,SEA,2024-04-13
LAA,BOS,2024-04-14
PIT,PHI,2024-04-14
MIL,BAL,2024-04-14
COL,TOR,2024-04-14
KCR,NYM,2024-04-14
SFG,TBR,2024-04-14
MIN,DET,2024-04-14
ATL,MIA,2024-04-14
NYY,CLE,2024-04-14
TEX,HOU,2024-04-14
CIN,CHW,2024-04-14
WSN,OAK,2024-04-14
CHC,SEA,2024-04-14
STL,ARI,2024-04-14
SDP,LAD,2024-04-14
CLE,BOS,2024-04-15
MIN,BAL,2024-04-15
TEX,DET,2024-04-15
COL,PHI,2024-04-15
SFG,MIA,2024-04-15
LAA,TBR,2024-04-15
NYY,TOR,2024-04-15
PIT,NYM,2024-04-15
KCR,CHW,2024-04-15
SDP,MIL,2024-04-15
ATL,HOU,2024-04-15
CHC,ARI,2024-04-15
STL,OAK,2024-04-15
CIN,SEA,2024-04-15
WSN,LAD,2024-04-15
TEX,DET,2024-04-16
MIN,BAL,2024-04-16
COL,PHI,2024-04-16
SFG,MIA,2024-04-16
LAA,TBR,2024-04-16
NYY,TOR,2024-04-16
CLE,BOS,2024-04-16
PIT,NYM,2024-04-16
KCR,CHW,2024-04-16
SDP,MIL,2024-04-16
ATL,HOU,2024-04-16
CHC,ARI,2024-04-16
CIN,SEA,2024-04-16
STL,OAK,2024-04-16
WSN,LAD,2024-04-16
SFG,MIA,2024-04-17
MIN,BAL,2024-04-17
PIT,NYM,2024-04-17
TEX,DET,2024-04-17
SDP,MIL,2024-04-17
ATL,HOU,2024-04-17
KCR,CHW,2024-04-17
NYY,TOR,2024-04-17
WSN,LAD,2024-04-17
STL,OAK,2024-04-17
CHC,ARI,2024-04-17
CIN,SEA,2024-04-17
COL,PHI,2024-04-17
LAA,TBR,2024-04-17
CLE,BOS,2024-04-17
LAA,TBR,2024-04-18
TEX,DET,2024-04-18
CLE,BOS,2024-04-18
MIA,CHC,2024-04-18
ARI,SFG,2024-04-18
MIA,CHC,2024-04-19
LAA,CIN,2024-04-19
BOS,PIT,2024-04-19
CHW,PHI,2024-04-19
HOU,WSN,2024-04-19
TBR,NYY,2024-04-19
OAK,CLE,2024-04-19
TEX,ATL,2024-04-19
BAL,KCR,2024-04-19
DET,MIN,2024-04-19
MIL,STL,2024-04-19
SEA,COL,2024-04-19
TOR,SDP,2024-04-19
NYM,LAD,2024-04-19
ARI,SFG,2024-04-19
TBR,NYY,2024-04-20
DET,MIN,2024-04-20
MIL,STL,2024-04-20
MIA,CHC,2024-04-20
HOU,WSN,2024-04-20
NYM,LAD,2024-04-20
BOS,PIT,2024-04-20
ARI,SFG,2024-04-20
CHW,PHI,2024-04-20
OAK,CLE,2024-04-20
LAA,CIN,2024-04-20
BAL,KCR,2024-04-20
TEX,ATL,2024-04-20
SEA,COL,2024-04-20
TOR,SDP,2024-04-20
HOU,WSN,2024-04-21
BOS,PIT,2024-04-21
CHW,PHI,2024-04-21
TBR,NYY,2024-04-21
LAA,CIN,2024-04-21
OAK,CLE,2024-04-21
BAL,KCR,2024-04-21
DET,MIN,2024-04-21
MIL,STL,2024-04-21
MIA,CHC,2024-04-21
SEA,COL,2024-04-21
ARI,SFG,2024-04-21
NYM,LAD,2024-04-21
TOR,SDP,2024-04-21
TEX,ATL,2024-04-21
OAK,NYY,2024-04-22
PHI,CIN,2024-04-22
MIL,PIT,2024-04-22
DET,TBR,2024-04-22
MIA,ATL,2024-04-22
TOR,KCR,2024-04-22
CHW,MIN,2024-04-22
ARI,STL,2024-04-22
SDP,COL,2024-04-22
BAL,LAA,2024-04-22
NYM,SFG,2024-04-22
BOS,CLE,2024-04-23
PHI,CIN,2024-04-23
MIL,PIT,2024-04-23
LAD,WSN,2024-04-23
DET,TBR,2024-04-23
OAK,NYY,2024-04-23
MIA,ATL,2024-04-23
HOU,CHC,2024-04-23
TOR,KCR,2024-04-23
CHW,MIN,2024-04-23
ARI,STL,2024-04-23
SEA,TEX,2024-04-23
SDP,COL,2024-04-23
BAL,LAA,2024-04-23
NYM,SFG,2024-04-23
ARI,STL,2024-04-24
NYM,SFG,2024-04-24
BAL,LAA,2024-04-24
BOS,CLE,2024-04-24
PHI,CIN,2024-04-24
MIL,PIT,2024-04-24
LAD,WSN,2024-04-24
DET,TBR,2024-04-24
OAK,NYY,2024-04-24
MIA,ATL,2024-04-24
HOU,CHC,2024-04-24
TOR,KCR,2024-04-24
CHW,MIN,2024-04-24
SEA,TEX,2024-04-24
SDP,COL,2024-04-24
MIL,PIT,2024-04-25
BOS,CLE,2024-04-25
PHI,CIN,2024-04-25
CHW,MIN,2024-04-25
TOR,KCR,2024-04-25
HOU,CHC,2024-04-25
SEA,TEX,2024-04-25
SDP,COL,2024-04-25
LAD,WSN,2024-04-25
OAK,NYY,2024-04-25
KCR,DET,2024-04-26
OAK,BAL,2024-04-26
LAD,TOR,2024-04-26
CHC,BOS,2024-04-26
STL,NYM,2024-04-26
WSN,MIA,2024-04-26
CLE,ATL,2024-04-26
TBR,CHW,2024-04-26
CIN,TEX,2024-04-26
NYY,MIL,2024-04-26
MIN,LAA,2024-04-26
ARI,SEA,2024-04-26
PHI,SDP,2024-04-26
PIT,SFG,2024-04-26
LAD,TOR,2024-04-27
OAK,BAL,2024-04-27
STL,NYM,2024-04-27
CIN,TEX,2024-04-27
CHC,BOS,2024-04-27
WSN,MIA,2024-04-27
HOU,COL,2024-04-27
KCR,DET,2024-04-27
TBR,CHW,2024-04-27
NYY,MIL,2024-04-27
CLE,ATL,2024-04-27
PHI,SDP,2024-04-27
PIT,SFG,2024-04-27
MIN,LAA,2024-04-27
ARI,SEA,2024-04-27
OAK,BAL,2024-04-28
CLE,ATL,2024-04-28
LAD,TOR,2024-04-28
KCR,DET,2024-04-28
STL,NYM,2024-04-28
WSN,MIA,2024-04-28
TBR,CHW,2024-04-28
NYY,MIL,2024-04-28
CIN,TEX,2024-04-28
HOU,COL,2024-04-28
PIT,SFG,2024-04-28
MIN,LAA,2024-04-28
ARI,SEA,2024-04-28
PHI,SDP,2024-04-28
CHC,BOS,2024-04-28
NYY,BAL,2024-04-29
STL,DET,2024-04-29
WSN,MIA,2024-04-29
KCR,TOR,2024-04-29
CHC,NYM,2024-04-29
MIN,CHW,2024-04-29
TBR,MIL,2024-04-29
PHI,LAA,2024-04-29
LAD,ARI,2024-04-29
PIT,OAK,2024-04-29
CIN,SDP,2024-04-29
ATL,SEA,2024-04-29
NYY,BAL,2024-04-30
STL,DET,2024-04-30
COL,MIA,2024-04-30
KCR,TOR,2024-04-30
CHC,NYM,2024-04-30
SFG,BOS,2024-04-30
MIN,CHW,2024-04-30
TBR,MIL,2024-04-30
WSN,TEX,2024-04-30
CLE,HOU,2024-04-30
PHI,LAA,2024-04-30
LAD,ARI,2024-04-30
PIT,OAK,2024-04-30
CIN,SDP,2024-04-30
ATL,SEA,2024-04-30
STL,DET,2024-05-01
TBR,MIL,2024-05-01
MIN,CHW,2024-05-01
KCR,TOR,2024-05-01
PIT,OAK,2024-05-01
ATL,SEA,2024-05-01
PHI,LAA,2024-05-01
CIN,SDP,2024-05-01
NYY,BAL,2024-05-01
COL,MIA,2024-05-01
CHC,NYM,2024-05-01
SFG,BOS,2024-05-01
WSN,TEX,2024-05-01
CLE,HOU,2024-05-01
LAD,ARI,2024-05-01
COL,MIA,2024-05-02
NYY,BAL,2024-05-02
CHC,NYM,2024-05-02
SFG,BOS,2024-05-02
WSN,TEX,2024-05-02
CLE,HOU,2024-05-02
MIL,CHC,2024-05-03
BAL,CIN,2024-05-03
COL,PIT,2024-05-03
SFG,PHI,2024-05-03
TOR,WSN,2024-05-03
NYM,TBR,2024-05-03
DET,NYY,2024-05-03
LAA,CLE,2024-05-03
TEX,KCR,2024-05-03
SEA,HOU,2024-05-03
BOS,MIN,2024-05-03
CHW,STL,2024-05-03
SDP,ARI,2024-05-03
MIA,OAK,2024-05-03
ATL,LAD,2024-05-03
DET,NYY,2024-05-04
BOS,MIN,2024-05-04
CHW,STL,2024-05-04
MIL,CHC,2024-05-04
COL,PIT,2024-05-04
TOR,WSN,2024-05-04
MIA,OAK,2024-05-04
SFG,PHI,2024-05-04
LAA,CLE,2024-05-04
BAL,CIN,2024-05-04
TEX,KCR,2024-05-04
SEA,HOU,2024-05-04
NYM,TBR,2024-05-04
SDP,ARI,2024-05-04
ATL,LAD,2024-05-04
COL,PIT,2024-05-05
TOR,WSN,2024-05-05
DET,NYY,2024-05-05
LAA,CLE,2024-05-05
NYM,TBR,2024-05-05
SEA,HOU,2024-05-05
TEX,KCR,2024-05-05
BOS,MIN,2024-05-05
CHW,STL,2024-05-05
MIL,CHC,2024-05-05
MIA,OAK,2024-05-05
BAL,CIN,2024-05-05
SDP,ARI,2024-05-05
ATL,LAD,2024-05-05
SFG,PHI,2024-05-05
SFG,PHI,2024-05-06
DET,CLE,2024-05-06
LAA,PIT,2024-05-06
CHW,TBR,2024-05-06
SDP,CHC,2024-05-06
SEA,MIN,2024-05-06
MIL,KCR,2024-05-06
NYM,STL,2024-05-06
TEX,OAK,2024-05-06
MIA,LAD,2024-05-06
TEX,OAK,2024-05-07
DET,CLE,2024-05-07
ARI,CIN,2024-05-07
LAA,PIT,2024-05-07
TOR,PHI,2024-05-07
BAL,WSN,2024-05-07
CHW,TBR,2024-05-07
HOU,NYY,2024-05-07
BOS,ATL,2024-05-07
SDP,CHC,2024-05-07
SEA,MIN,2024-05-07
MIL,KCR,2024-05-07
NYM,STL,2024-05-07
SFG,COL,2024-05-07
MIA,LAD,2024-05-07
LAA,PIT,2024-05-08
TOR,PHI,2024-05-08
DET,CLE,2024-05-08
NYM,STL,2024-05-08
MIL,KCR,2024-05-08
SDP,CHC,2024-05-08
MIA,LAD,2024-05-08
TEX,OAK,2024-05-08
TEX,OAK,2024-05-08
ARI,CIN,2024-05-08
BAL,WSN,2024-05-08
CHW,TBR,2024-05-08
HOU,NYY,2024-05-08
BOS,ATL,2024-05-08
SEA,MIN,2024-05-08
SFG,COL,2024-05-08
ARI,CIN,2024-05-09
SEA,MIN,2024-05-09
SFG,COL,2024-05-09
HOU,NYY,2024-05-09
CLE,CHW,2024-05-09
STL,MIL,2024-05-09
KCR,LAA,2024-05-09
HOU,DET,2024-05-10
CHC,PIT,2024-05-10
NYY,TBR,2024-05-10
ARI,BAL,2024-05-10
MIN,TOR,2024-05-10
WSN,BOS,2024-05-10
ATL,NYM,2024-05-10
PHI,MIA,2024-05-10
CLE,CHW,2024-05-10
STL,MIL,2024-05-10
TEX,COL,2024-05-10
KCR,LAA,2024-05-10
LAD,SDP,2024-05-10
OAK,SEA,2024-05-10
CIN,SFG,2024-05-10
MIN,TOR,2024-05-11
ARI,BAL,2024-05-11
CHC,PIT,2024-05-11
WSN,BOS,2024-05-11
ATL,NYM,2024-05-11
PHI,MIA,2024-05-11
NYY,TBR,2024-05-11
HOU,DET,2024-05-11
CLE,CHW,2024-05-11
CIN,SFG,2024-05-11
STL,MIL,2024-05-11
TEX,COL,2024-05-11
LAD,SDP,2024-05-11
KCR,LAA,2024-05-11
OAK,SEA,2024-05-11
ARI,BAL,2024-05-12
WSN,BOS,2024-05-12
CHC,PIT,2024-05-12
MIN,TOR,2024-05-12
HOU,DET,2024-05-12
PHI,MIA,2024-05-12
NYY,TBR,2024-05-12
CLE,CHW,2024-05-12
STL,MIL,2024-05-12
TEX,COL,2024-05-12
CIN,SFG,2024-05-12
KCR,LAA,2024-05-12
LAD,SDP,2024-05-12
OAK,SEA,2024-05-12
ATL,NYM,2024-05-12
TOR,BAL,2024-05-13
MIA,DET,2024-05-13
TBR,BOS,2024-05-13
PHI,NYM,2024-05-13
CHC,ATL,2024-05-13
WSN,CHW,2024-05-13
PIT,MIL,2024-05-13
CLE,TEX,2024-05-13
OAK,HOU,2024-05-13
STL,LAA,2024-05-13
CIN,ARI,2024-05-13
COL,SDP,2024-05-13
KCR,SEA,2024-05-13
LAD,SFG,2024-05-13
PHI,NYM,2024-05-14
TOR,BAL,2024-05-14
MIA,DET,2024-05-14
TBR,BOS,2024-05-14
CHC,ATL,2024-05-14
WSN,CHW,2024-05-14
NYY,MIN,2024-05-14
PIT,MIL,2024-05-14
CLE,TEX,2024-05-14
OAK,HOU,2024-05-14
STL,LAA,2024-05-14
CIN,ARI,2024-05-14
COL,SDP,2024-05-14
KCR,SEA,2024-05-14
LAD,SFG,2024-05-14
TOR,BAL,2024-05-15
MIA,DET,2024-05-15
PIT,MIL,2024-05-15
WSN,CHW,2024-05-15
CIN,ARI,2024-05-15
COL,SDP,2024-05-15
KCR,SEA,2024-05-15
NYM,PHI,2024-05-15
TBR,BOS,2024-05-15
CHC,ATL,2024-05-15
NYY,MIN,2024-05-15
CLE,TEX,2024-05-15
OAK,HOU,2024-05-15
STL,LAA,2024-05-15
LAD,SFG,2024-05-15
NYY,MIN,2024-05-16
NYM,PHI,2024-05-16
TBR,BOS,2024-05-16
PIT,CHC,2024-05-16
OAK,HOU,2024-05-16
CIN,LAD,2024-05-16
PIT,CHC,2024-05-17
WSN,PHI,2024-05-17
SEA,BAL,2024-05-17
CHW,NYY,2024-05-17
TBR,TOR,2024-05-17
MIN,CLE,2024-05-17
NYM,MIA,2024-05-17
SDP,ATL,2024-05-17
OAK,KCR,2024-05-17
LAA,TEX,2024-05-17
MIL,HOU,2024-05-17
BOS,STL,2024-05-17
DET,ARI,2024-05-17
CIN,LAD,2024-05-17
COL,SFG,2024-05-17
CHW,NYY,2024-05-18
PIT,CHC,2024-05-18
TBR,TOR,2024-05-18
SEA,BAL,2024-05-18
COL,SFG,2024-05-18
NYM,MIA,2024-05-18
WSN,PHI,2024-05-18
MIN,CLE,2024-05-18
OAK,KCR,2024-05-18
MIL,HOU,2024-05-18
BOS,STL,2024-05-18
LAA,TEX,2024-05-18
SDP,ATL,2024-05-18
DET,ARI,2024-05-18
CIN,LAD,2024-05-18
SEA,BAL,2024-05-19
WSN,PHI,2024-05-19
CHW,NYY,2024-05-19
TBR,TOR,2024-05-19
MIN,CLE,2024-05-19
NYM,MIA,2024-05-19
OAK,KCR,2024-05-19
MIL,HOU,2024-05-19
BOS,STL,2024-05-19
PIT,CHC,2024-05-19
LAA,TEX,2024-05-19
COL,SFG,2024-05-19
DET,ARI,2024-05-19
CIN,LAD,2024-05-19
SDP,ATL,2024-05-19
SDP,ATL,2024-05-20
CHW,TOR,2024-05-20
NYM,CLE,2024-05-20
MIL,MIA,2024-05-20
MIN,WSN,2024-05-20
BOS,TBR,2024-05-20
SEA,NYY,2024-05-20
DET,KCR,2024-05-20
BAL,STL,2024-05-20
LAA,HOU,2024-05-20
ARI,LAD,2024-05-20
NYM,CLE,2024-05-21
SDP,CIN,2024-05-21
SFG,PIT,2024-05-21
TEX,PHI,2024-05-21
MIL,MIA,2024-05-21
MIN,WSN,2024-05-21
BOS,TBR,2024-05-21
SEA,NYY,2024-05-21
CHW,TOR,2024-05-21
DET,KCR,2024-05-21
ATL,CHC,2024-05-21
BAL,STL,2024-05-21
LAA,HOU,2024-05-21
COL,OAK,2024-05-21
ARI,LAD,2024-05-21
MIN,WSN,2024-05-22
NYM,CLE,2024-05-22
BAL,STL,2024-05-22
LAA,HOU,2024-05-22
DET,KCR,2024-05-22
SDP,CIN,2024-05-22
SFG,PIT,2024-05-22
TEX,PHI,2024-05-22
MIL,MIA,2024-05-22
BOS,TBR,2024-05-22
SEA,NYY,2024-05-22
CHW,TOR,2024-05-22
ATL,CHC,2024-05-22
COL,OAK,2024-05-22
ARI,LAD,2024-05-22
SFG,PIT,2024-05-23
SEA,NYY,2024-05-23
TEX,PHI,2024-05-23
SDP,CIN,2024-05-23
ATL,CHC,2024-05-23
COL,OAK,2024-05-23
TOR,DET,2024-05-23
BAL,CHW,2024-05-23
TOR,DET,2024-05-24
ATL,PIT,2024-05-24
SEA,WSN,2024-05-24
KCR,TBR,2024-05-24
LAD,CIN,2024-05-24
SFG,NYM,2024-05-24
MIL,BOS,2024-05-24
BAL,CHW,2024-05-24
TEX,MIN,2024-05-24
CHC,STL,2024-05-24
PHI,COL,2024-05-24
CLE,LAA,2024-05-24
HOU,OAK,2024-05-24
MIA,ARI,2024-05-24
NYY,SDP,2024-05-24
TOR,DET,2024-05-25
SFG,NYM,2024-05-25
TEX,MIN,2024-05-25
BAL,CHW,2024-05-25
SEA,WSN,2024-05-25
ATL,PIT,2024-05-25
HOU,OAK,2024-05-25
KCR,TBR,2024-05-25
MIL,BOS,2024-05-25
LAD,CIN,2024-05-25
CHC,STL,2024-05-25
PHI,COL,2024-05-25
CLE,LAA,2024-05-25
NYY,SDP,2024-05-25
MIA,ARI,2024-05-25
SEA,WSN,2024-05-26
ATL,PIT,2024-05-26
MIL,BOS,2024-05-26
LAD,CIN,2024-05-26
SFG,NYM,2024-05-26
KCR,TBR,2024-05-26
TOR,DET,2024-05-26
TEX,MIN,2024-05-26
BAL,CHW,2024-05-26
PHI,COL,2024-05-26
CLE,LAA,2024-05-26
HOU,OAK,2024-05-26
MIA,ARI,2024-05-26
NYY,SDP,2024-05-26
CHC,STL,2024-05-26
BOS,BAL,2024-05-27
KCR,MIN,2024-05-27
TOR,CHW,2024-05-27
CLE,COL,2024-05-27
LAD,NYM,2024-05-27
STL,CIN,2024-05-27
WSN,ATL,2024-05-27
CHC,MIL,2024-05-27
PHI,SFG,2024-05-27
MIA,SDP,2024-05-27
HOU,SEA,2024-05-27
BOS,BAL,2024-05-28
PIT,DET,2024-05-28
STL,CIN,2024-05-28
OAK,TBR,2024-05-28
LAD,NYM,2024-05-28
WSN,ATL,2024-05-28
KCR,MIN,2024-05-28
TOR,CHW,2024-05-28
CHC,MIL,2024-05-28
ARI,TEX,2024-05-28
CLE,COL,2024-05-28
NYY,LAA,2024-05-28
HOU,SEA,2024-05-28
MIA,SDP,2024-05-28
PHI,SFG,2024-05-28
PIT,DET,2024-05-29
STL,CIN,2024-05-29
ARI,TEX,2024-05-29
PHI,SFG,2024-05-29
LAD,NYM,2024-05-29
MIA,SDP,2024-05-29
BOS,BAL,2024-05-29
OAK,TBR,2024-05-29
WSN,ATL,2024-05-29
KCR,MIN,2024-05-29
TOR,CHW,2024-05-29
CHC,MIL,2024-05-29
CLE,COL,2024-05-29
NYY,LAA,2024-05-29
HOU,SEA,2024-05-29
OAK,TBR,2024-05-30
KCR,MIN,2024-05-30
CHC,MIL,2024-05-30
HOU,SEA,2024-05-30
DET,BOS,2024-05-30
ARI,NYM,2024-05-30
WSN,ATL,2024-05-30
NYY,LAA,2024-05-30
CIN,CHC,2024-05-31
STL,PHI,2024-05-31
TBR,BAL,2024-05-31
PIT,TOR,2024-05-31
DET,BOS,2024-05-31
WSN,CLE,2024-05-31
ARI,NYM,2024-05-31
TEX,MIA,2024-05-31
OAK,ATL,2024-05-31
SDP,KCR,2024-05-31
MIN,HOU,2024-05-31
CHW,MIL,2024-05-31
COL,LAD,2024-05-31
LAA,SEA,2024-05-31
NYY,SFG,2024-05-31
PIT,TOR,2024-06-01
TBR,BAL,2024-06-01
DET,BOS,2024-06-01
WSN,CLE,2024-06-01
ARI,NYM,2024-06-01
SDP,KCR,2024-06-01
MIN,HOU,2024-06-01
OAK,ATL,2024-06-01
TEX,MIA,2024-06-01
CHW,MIL,2024-06-01
CIN,CHC,2024-06-01
LAA,SEA,2024-06-01
STL,PHI,2024-06-01
NYY,SFG,2024-06-01
COL,LAD,2024-06-01
DET,BOS,2024-06-02
TBR,BAL,2024-06-02
STL,PHI,2024-06-02
OAK,ATL,2024-06-02
PIT,TOR,2024-06-02
WSN,CLE,2024-06-02
ARI,NYM,2024-06-02
TEX,MIA,2024-06-02
SDP,KCR,2024-06-02
MIN,HOU,2024-06-02
CHW,MIL,2024-06-02
CIN,CHC,2024-06-02
NYY,SFG,2024-06-02
COL,LAD,2024-06-02
LAA,SEA,2024-06-02
MIL,PHI,2024-06-03
NYM,WSN,2024-06-03
BAL,TOR,2024-06-03
DET,TEX,2024-06-03
STL,HOU,2024-06-03
CIN,COL,2024-06-03
SDP,LAA,2024-06-03
SFG,ARI,2024-06-03
KCR,CLE,2024-06-04
LAD,PIT,2024-06-04
TBR,MIA,2024-06-04
MIL,PHI,2024-06-04
NYM,WSN,2024-06-04
MIN,NYY,2024-06-04
BAL,TOR,2024-06-04
ATL,BOS,2024-06-04
DET,TEX,2024-06-04
CHW,CHC,2024-06-04
STL,HOU,2024-06-04
CIN,COL,2024-06-04
SDP,LAA,2024-06-04
SEA,OAK,2024-06-04
SFG,ARI,2024-06-04
ATL,BOS,2024-06-05
STL,HOU,2024-06-05
CIN,COL,2024-06-05
SFG,ARI,2024-06-05
NYM,WSN,2024-06-05
MIL,PHI,2024-06-05
KCR,CLE,2024-06-05
LAD,PIT,2024-06-05
TBR,MIA,2024-06-05
MIN,NYY,2024-06-05
BAL,TOR,2024-06-05
DET,TEX,2024-06-05
CHW,CHC,2024-06-05
SDP,LAA,2024-06-05
SEA,OAK,2024-06-05
BAL,TOR,2024-06-06
KCR,CLE,2024-06-06
SEA,OAK,2024-06-06
LAD,PIT,2024-06-06
ATL,WSN,2024-06-06
MIN,NYY,2024-06-06
CHC,CIN,2024-06-06
COL,STL,2024-06-06
BOS,CHW,2024-06-06
ARI,SDP,2024-06-06
MIN,PIT,2024-06-07
MIL,DET,2024-06-07
ATL,WSN,2024-06-07
BAL,TBR,2024-06-07
LAD,NYY,2024-06-07
CHC,CIN,2024-06-07
CLE,MIA,2024-06-07
SFG,TEX,2024-06-07
SEA,KCR,2024-06-07
BOS,CHW,2024-06-07
COL,STL,2024-06-07
HOU,LAA,2024-06-07
ARI,SDP,2024-06-07
TOR,OAK,2024-06-07
PHI,NYM,2024-06-08
SFG,TEX,2024-06-08
MIN,PIT,2024-06-08
ATL,WSN,2024-06-08
TOR,OAK,2024-06-08
CHC,CIN,2024-06-08
SEA,KCR,2024-06-08
BAL,TBR,2024-06-08
BOS,CHW,2024-06-08
MIL,DET,2024-06-08
COL,STL,2024-06-08
CLE,MIA,2024-06-08
LAD,NYY,2024-06-08
ARI,SDP,2024-06-08
HOU,LAA,2024-06-08
NYM,PHI,2024-06-09
MIN,PIT,2024-06-09
ATL,WSN,2024-06-09
CHC,CIN,2024-06-09
BAL,TBR,2024-06-09
CLE,MIA,2024-06-09
MIL,DET,2024-06-09
SEA,KCR,2024-06-09
BOS,CHW,2024-06-09
COL,STL,2024-06-09
SFG,TEX,2024-06-09
HOU,LAA,2024-06-09
TOR,OAK,2024-06-09
ARI,SDP,2024-06-09
LAD,NYY,2024-06-09
BAL,TBR,2024-06-10
COL,MIN,2024-06-10
NYY,KCR,2024-06-10
TOR,MIL,2024-06-10
OAK,SDP,2024-06-10
CHW,SEA,2024-06-10
HOU,SFG,2024-06-10
ATL,BAL,2024-06-11
WSN,DET,2024-06-11
CHC,TBR,2024-06-11
CLE,CIN,2024-06-11
PHI,BOS,2024-06-11
MIA,NYM,2024-06-11
COL,MIN,2024-06-11
PIT,STL,2024-06-11
NYY,KCR,2024-06-11
TOR,MIL,2024-06-11
LAA,ARI,2024-06-11
OAK,SDP,2024-06-11
CHW,SEA,2024-06-11
HOU,SFG,2024-06-11
TEX,LAD,2024-06-11
COL,MIN,2024-06-12
TOR,MIL,2024-06-12
HOU,SFG,2024-06-12
OAK,SDP,2024-06-12
ATL,BAL,2024-06-12
WSN,DET,2024-06-12
CHC,TBR,2024-06-12
CLE,CIN,2024-06-12
PHI,BOS,2024-06-12
MIA,NYM,2024-06-12
PIT,STL,2024-06-12
NYY,KCR,2024-06-12
LAA,ARI,2024-06-12
CHW,SEA,2024-06-12
TEX,LAD,2024-06-12
ATL,BAL,2024-06-13
WSN,DET,2024-06-13
NYY,KCR,2024-06-13
PIT,STL,2024-06-13
CHC,TBR,2024-06-13
PHI,BOS,2024-06-13
MIA,NYM,2024-06-13
OAK,MIN,2024-06-13
LAA,ARI,2024-06-13
CHW,SEA,2024-06-13
TEX,LAD,2024-06-13
STL,CHC,2024-06-14
MIA,WSN,2024-06-14
PHI,BAL,2024-06-14
CLE,TOR,2024-06-14
SDP,NYM,2024-06-14
NYY,BOS,2024-06-14
TBR,ATL,2024-06-14
DET,HOU,2024-06-14
OAK,MIN,2024-06-14
CIN,MIL,2024-06-14
PIT,COL,2024-06-14
CHW,ARI,2024-06-14
KCR,LAD,2024-06-14
TEX,SEA,2024-06-14
LAA,SFG,2024-06-14
OAK,MIN,2024-06-15
STL,CHC,2024-06-15
CLE,TOR,2024-06-15
LAA,SFG,2024-06-15
PHI,BAL,2024-06-15
MIA,WSN,2024-06-15
DET,HOU,2024-06-15
SDP,NYM,2024-06-15
TBR,ATL,2024-06-15
CIN,MIL,2024-06-15
TEX,SEA,2024-06-15
NYY,BOS,2024-06-15
KCR,LAD,2024-06-15
PIT,COL,2024-06-15
CHW,ARI,2024-06-15
PHI,BAL,2024-06-16
TBR,ATL,2024-06-16
MIA,WSN,2024-06-16
CLE,TOR,2024-06-16
SDP,NYM,2024-06-16
DET,HOU,2024-06-16
OAK,MIN,2024-06-16
CIN,MIL,2024-06-16
STL,CHC,2024-06-16
PIT,COL,2024-06-16
LAA,SFG,2024-06-16
KCR,LAD,2024-06-16
TEX,SEA,2024-06-16
CHW,ARI,2024-06-16
NYY,BOS,2024-06-16
CIN,PIT,2024-06-17
SDP,PHI,2024-06-17
STL,MIA,2024-06-17
BOS,TOR,2024-06-17
DET,ATL,2024-06-17
SFG,CHC,2024-06-17
NYM,TEX,2024-06-17
LAD,COL,2024-06-17
MIL,LAA,2024-06-17
CIN,PIT,2024-06-18
SEA,CLE,2024-06-18
SDP,PHI,2024-06-18
STL,MIA,2024-06-18
ARI,WSN,2024-06-18
BAL,NYY,2024-06-18
BOS,TOR,2024-06-18
DET,ATL,2024-06-18
TBR,MIN,2024-06-18
SFG,CHC,2024-06-18
NYM,TEX,2024-06-18
HOU,CHW,2024-06-18
LAD,COL,2024-06-18
MIL,LAA,2024-06-18
KCR,OAK,2024-06-18
DET,ATL,2024-06-19
CIN,PIT,2024-06-19
STL,MIA,2024-06-19
SDP,PHI,2024-06-19
SFG,CHC,2024-06-19
ARI,WSN,2024-06-19
SEA,CLE,2024-06-19
BAL,NYY,2024-06-19
BOS,TOR,2024-06-19
TBR,MIN,2024-06-19
NYM,TEX,2024-06-19
HOU,CHW,2024-06-19
LAD,COL,2024-06-19
MIL,LAA,2024-06-19
KCR,OAK,2024-06-19
ARI,WSN,2024-06-20
SEA,CLE,2024-06-20
TBR,MIN,2024-06-20
HOU,CHW,2024-06-20
LAD,COL,2024-06-20
KCR,OAK,2024-06-20
BAL,NYY,2024-06-20
SFG,STL,2024-06-20
MIL,SDP,2024-06-20
NYM,CHC,2024-06-21
TBR,PIT,2024-06-21
ARI,PHI,2024-06-21
CHW,DET,2024-06-21
ATL,NYY,2024-06-21
BOS,CIN,2024-06-21
TOR,CLE,2024-06-21
SEA,MIA,2024-06-21
KCR,TEX,2024-06-21
BAL,HOU,2024-06-21
WSN,COL,2024-06-21
MIN,OAK,2024-06-21
MIL,SDP,2024-06-21
LAA,LAD,2024-06-21
CHW,DET,2024-06-22
SFG,STL,2024-06-22
NYM,CHC,2024-06-22
TBR,PIT,2024-06-22
KCR,TEX,2024-06-22
ARI,PHI,2024-06-22
MIN,OAK,2024-06-22
BOS,CIN,2024-06-22
BAL,HOU,2024-06-22
TOR,CLE,2024-06-22
SEA,MIA,2024-06-22
ATL,NYY,2024-06-22
MIL,SDP,2024-06-22
WSN,COL,2024-06-22
LAA,LAD,2024-06-22
TBR,PIT,2024-06-23
ARI,PHI,2024-06-23
ATL,NYY,2024-06-23
BOS,CIN,2024-06-23
TOR,CLE,2024-06-23
CHW,DET,2024-06-23
SEA,MIA,2024-06-23
BAL,HOU,2024-06-23
SFG,STL,2024-06-23
NYM,CHC,2024-06-23
KCR,TEX,2024-06-23
WSN,COL,2024-06-23
MIN,OAK,2024-06-23
MIL,SDP,2024-06-23
CLE,BAL,2024-06-24
PHI,DET,2024-06-24
SEA,TBR,2024-06-24
PIT,CIN,2024-06-24
TOR,BOS,2024-06-24
ATL,STL,2024-06-24
LAD,CHW,2024-06-24
MIA,KCR,2024-06-24
TEX,MIL,2024-06-24
OAK,LAA,2024-06-24
WSN,SDP,2024-06-24
CHC,SFG,2024-06-24
CLE,BAL,2024-06-25
PHI,DET,2024-06-25
SEA,TBR,2024-06-25
PIT,CIN,2024-06-25
TOR,BOS,2024-06-25
NYY,NYM,2024-06-25
ATL,STL,2024-06-25
COL,HOU,2024-06-25
LAD,CHW,2024-06-25
MIA,KCR,2024-06-25
TEX,MIL,2024-06-25
OAK,LAA,2024-06-25
WSN,SDP,2024-06-25
MIN,ARI,2024-06-25
CHC,SFG,2024-06-25
SEA,TBR,2024-06-26
PIT,CIN,2024-06-26
PHI,DET,2024-06-26
COL,HOU,2024-06-26
MIA,KCR,2024-06-26
TEX,MIL,2024-06-26
OAK,LAA,2024-06-26
WSN,SDP,2024-06-26
CLE,BAL,2024-06-26
TOR,BOS,2024-06-26
NYY,NYM,2024-06-26
ATL,STL,2024-06-26
LAD,CHW,2024-06-26
MIN,ARI,2024-06-26
CHC,SFG,2024-06-26
MIN,ARI,2024-06-27
CHC,SFG,2024-06-27
MIA,PHI,2024-06-27
TEX,BAL,2024-06-27
NYY,TOR,2024-06-27
CIN,STL,2024-06-27
CLE,KCR,2024-06-27
DET,LAA,2024-06-27
MIA,PHI,2024-06-28
WSN,TBR,2024-06-28
TEX,BAL,2024-06-28
NYY,TOR,2024-06-28
HOU,NYM,2024-06-28
SDP,BOS,2024-06-28
COL,CHW,2024-06-28
PIT,ATL,2024-06-28
CLE,KCR,2024-06-28
CHC,MIL,2024-06-28
CIN,STL,2024-06-28
DET,LAA,2024-06-28
OAK,ARI,2024-06-28
MIN,SEA,2024-06-28
LAD,SFG,2024-06-28
COL,CHW,2024-06-29
CIN,STL,2024-06-29
NYY,TOR,2024-06-29
MIA,PHI,2024-06-29
CLE,KCR,2024-06-29
HOU,NYM,2024-06-29
OAK,ARI,2024-06-29
SDP,BOS,2024-06-29
WSN,TBR,2024-06-29
PIT,ATL,2024-06-29
CHC,MIL,2024-06-29
LAD,SFG,2024-06-29
TEX,BAL,2024-06-29
DET,LAA,2024-06-29
MIN,SEA,2024-06-29
SDP,BOS,2024-06-30
TEX,BAL,2024-06-30
PIT,ATL,2024-06-30
MIA,PHI,2024-06-30
NYY,TOR,2024-06-30
HOU,NYM,2024-06-30
WSN,TBR,2024-06-30
CLE,KCR,2024-06-30
COL,CHW,2024-06-30
CHC,MIL,2024-06-30
CIN,STL,2024-06-30
LAD,SFG,2024-06-30
DET,LAA,2024-06-30
OAK,ARI,2024-06-30
MIN,SEA,2024-06-30
HOU,TOR,2024-07-01
NYM,WSN,2024-07-01
MIL,COL,2024-07-01
STL,PIT,2024-07-02
CHW,CLE,2024-07-02
BOS,MIA,2024-07-02
NYM,WSN,2024-07-02
CIN,NYY,2024-07-02
HOU,TOR,2024-07-02
SFG,ATL,2024-07-02
DET,MIN,2024-07-02
SDP,TEX,2024-07-02
PHI,CHC,2024-07-02
TBR,KCR,2024-07-02
MIL,COL,2024-07-02
LAA,OAK,2024-07-02
BAL,SEA,2024-07-02
ARI,LAD,2024-07-02
STL,PIT,2024-07-03
CHW,CLE,2024-07-03
BOS,MIA,2024-07-03
NYM,WSN,2024-07-03
CIN,NYY,2024-07-03
HOU,TOR,2024-07-03
SFG,ATL,2024-07-03
SDP,TEX,2024-07-03
PHI,CHC,2024-07-03
TBR,KCR,2024-07-03
DET,MIN,2024-07-03
MIL,COL,2024-07-03
LAA,OAK,2024-07-03
ARI,LAD,2024-07-03
BAL,SEA,2024-07-03
NYM,WSN,2024-07-04
STL,PIT,2024-07-04
CIN,NYY,2024-07-04
HOU,TOR,2024-07-04
CHW,CLE,2024-07-04
BOS,MIA,2024-07-04
DET,MIN,2024-07-04
PHI,CHC,2024-07-04
SDP,TEX,2024-07-04
LAA,OAK,2024-07-04
BAL,SEA,2024-07-04
SFG,ATL,2024-07-04
TBR,KCR,2024-07-04
MIL,COL,2024-07-04
ARI,LAD,2024-07-04
LAA,CHC,2024-07-05
NYM,PIT,2024-07-05
STL,WSN,2024-07-05
BOS,NYY,2024-07-05
DET,CIN,2024-07-05
SFG,CLE,2024-07-05
CHW,MIA,2024-07-05
PHI,ATL,2024-07-05
TBR,TEX,2024-07-05
KCR,COL,2024-07-05
HOU,MIN,2024-07-05
BAL,OAK,2024-07-05
ARI,SDP,2024-07-05
TOR,SEA,2024-07-05
MIL,LAD,2024-07-05
BOS,NYY,2024-07-06
HOU,MIN,2024-07-06
LAA,CHC,2024-07-06
NYM,PIT,2024-07-06
STL,WSN,2024-07-06
TBR,TEX,2024-07-06
BAL,OAK,2024-07-06
DET,CIN,2024-07-06
SFG,CLE,2024-07-06
TOR,SEA,2024-07-06
CHW,MIA,2024-07-06
PHI,ATL,2024-07-06
MIL,LAD,2024-07-06
KCR,COL,2024-07-06
ARI,SDP,2024-07-06
NYM,PIT,2024-07-07
STL,WSN,2024-07-07
PHI,ATL,2024-07-07
BOS,NYY,2024-07-07
DET,CIN,2024-07-07
SFG,CLE,2024-07-07
CHW,MIA,2024-07-07
HOU,MIN,2024-07-07
LAA,CHC,2024-07-07
TBR,TEX,2024-07-07
KCR,COL,2024-07-07
BAL,OAK,2024-07-07
ARI,SDP,2024-07-07
TOR,SEA,2024-07-07
MIL,LAD,2024-07-07
NYM,PIT,2024-07-08
STL,WSN,2024-07-08
CLE,DET,2024-07-08
COL,CIN,2024-07-08
MIN,CHW,2024-07-08
TEX,LAA,2024-07-08
ATL,ARI,2024-07-08
CHC,BAL,2024-07-09
CLE,DET,2024-07-09
LAD,PHI,2024-07-09
NYY,TBR,2024-07-09
COL,CIN,2024-07-09
WSN,NYM,2024-07-09
OAK,BOS,2024-07-09
KCR,STL,2024-07-09
MIN,CHW,2024-07-09
MIA,HOU,2024-07-09
PIT,MIL,2024-07-09
TEX,LAA,2024-07-09
SEA,SDP,2024-07-09
ATL,ARI,2024-07-09
TOR,SFG,2024-07-09
MIN,CHW,2024-07-10
CHC,BAL,2024-07-10
CLE,DET,2024-07-10
SEA,SDP,2024-07-10
NYY,TBR,2024-07-10
LAD,PHI,2024-07-10
COL,CIN,2024-07-10
WSN,NYM,2024-07-10
OAK,BOS,2024-07-10
KCR,STL,2024-07-10
MIA,HOU,2024-07-10
PIT,MIL,2024-07-10
TEX,LAA,2024-07-10
ATL,ARI,2024-07-10
TOR,SFG,2024-07-10
COL,CIN,2024-07-11
CLE,DET,2024-07-11
WSN,NYM,2024-07-11
PIT,MIL,2024-07-11
TOR,SFG,2024-07-11
LAD,PHI,2024-07-11
CHC,BAL,2024-07-11
NYY,TBR,2024-07-11
OAK,BOS,2024-07-11
MIA,HOU,2024-07-11
SEA,LAA,2024-07-11
ATL,ARI,2024-07-11
LAD,DET,2024-07-12
OAK,PHI,2024-07-12
CLE,TBR,2024-07-12
NYY,BAL,2024-07-12
KCR,BOS,2024-07-12
COL,NYM,2024-07-12
MIA,CIN,2024-07-12
TEX,HOU,2024-07-12
PIT,CHW,2024-07-12
WSN,MIL,2024-07-12
CHC,STL,2024-07-12
SEA,LAA,2024-07-12
TOR,ARI,2024-07-12
ATL,SDP,2024-07-12
MIN,SFG,2024-07-12
LAD,DET,2024-07-13
PIT,CHW,2024-07-13
CHC,STL,2024-07-13
OAK,PHI,2024-07-13
NYY,BAL,2024-07-13
KCR,BOS,2024-07-13
COL,NYM,2024-07-13
CLE,TBR,2024-07-13
TEX,HOU,2024-07-13
MIA,CIN,2024-07-13
WSN,MIL,2024-07-13
MIN,SFG,2024-07-13
ATL,SDP,2024-07-13
SEA,LAA,2024-07-13
TOR,ARI,2024-07-13
KCR,BOS,2024-07-14
OAK,PHI,2024-07-14
NYY,BAL,2024-07-14
LAD,DET,2024-07-14
COL,NYM,2024-07-14
CLE,TBR,2024-07-14
MIA,CIN,2024-07-14
TEX,HOU,2024-07-14
PIT,CHW,2024-07-14
WSN,MIL,2024-07-14
CHC,STL,2024-07-14
MIN,SFG,2024-07-14
SEA,LAA,2024-07-14
TOR,ARI,2024-07-14
ATL,SDP,2024-07-14
ARI,CHC,2024-07-19
PHI,PIT,2024-07-19
CIN,WSN,2024-07-19
TBR,NYY,2024-07-19
DET,TOR,2024-07-19
SDP,CLE,2024-07-19
NYM,MIA,2024-07-19
STL,ATL,2024-07-19
BAL,TEX,2024-07-19
CHW,KCR,2024-07-19
SFG,COL,2024-07-19
LAA,OAK,2024-07-19
BOS,LAD,2024-07-19
HOU,SEA,2024-07-19
TBR,NYY,2024-07-20
DET,TOR,2024-07-20
LAA,OAK,2024-07-20
NYM,MIA,2024-07-20
PHI,PIT,2024-07-20
CIN,WSN,2024-07-20
BAL,TEX,2024-07-20
SDP,CLE,2024-07-20
CHW,KCR,2024-07-20
MIL,MIN,2024-07-20
ARI,CHC,2024-07-20
BOS,LAD,2024-07-20
STL,ATL,2024-07-20
SFG,COL,2024-07-20
HOU,SEA,2024-07-20
CIN,WSN,2024-07-21
PHI,PIT,2024-07-21
STL,ATL,2024-07-21
TBR,NYY,2024-07-21
DET,TOR,2024-07-21
SDP,CLE,2024-07-21
NYM,MIA,2024-07-21
CHW,KCR,2024-07-21
MIL,MIN,2024-07-21
ARI,CHC,2024-07-21
BAL,TEX,2024-07-21
SFG,COL,2024-07-21
LAA,OAK,2024-07-21
BOS,LAD,2024-07-21
HOU,SEA,2024-07-21
TBR,NYY,2024-07-22
DET,CLE,2024-07-22
STL,PIT,2024-07-22
NYM,MIA,2024-07-22
CIN,ATL,2024-07-22
PHI,MIN,2024-07-22
CHW,TEX,2024-07-22
MIL,CHC,2024-07-22
ARI,KCR,2024-07-22
BOS,COL,2024-07-22
HOU,OAK,2024-07-22
LAA,SEA,2024-07-22
SFG,LAD,2024-07-22
DET,CLE,2024-07-23
STL,PIT,2024-07-23
BAL,MIA,2024-07-23
SDP,WSN,2024-07-23
NYM,NYY,2024-07-23
TBR,TOR,2024-07-23
CIN,ATL,2024-07-23
PHI,MIN,2024-07-23
CHW,TEX,2024-07-23
MIL,CHC,2024-07-23
ARI,KCR,2024-07-23
BOS,COL,2024-07-23
HOU,OAK,2024-07-23
LAA,SEA,2024-07-23
SFG,LAD,2024-07-23
CIN,ATL,2024-07-24
STL,PIT,2024-07-24
PHI,MIN,2024-07-24
MIL,CHC,2024-07-24
BOS,COL,2024-07-24
HOU,OAK,2024-07-24
LAA,SEA,2024-07-24
DET,CLE,2024-07-24
BAL,MIA,2024-07-24
SDP,WSN,2024-07-24
NYM,NYY,2024-07-24
TBR,TOR,2024-07-24
CHW,TEX,2024-07-24
ARI,KCR,2024-07-24
SFG,LAD,2024-07-24
SDP,WSN,2024-07-25
BAL,MIA,2024-07-25
DET,CLE,2024-07-25
CHW,TEX,2024-07-25
TBR,TOR,2024-07-25
SFG,LAD,2024-07-25
ATL,NYM,2024-07-25
OAK,LAA,2024-07-25
MIN,DET,2024-07-26
CLE,PHI,2024-07-26
CIN,TBR,2024-07-26
SDP,BAL,2024-07-26
TEX,TOR,2024-07-26
ATL,NYM,2024-07-26
NYY,BOS,2024-07-26
CHC,KCR,2024-07-26
LAD,HOU,2024-07-26
SEA,CHW,2024-07-26
MIA,MIL,2024-07-26
WSN,STL,2024-07-26
OAK,LAA,2024-07-26
PIT,ARI,2024-07-26
COL,SFG,2024-07-26
TEX,TOR,2024-07-27
SDP,BAL,2024-07-27
CIN,TBR,2024-07-27
ATL,NYM,2024-07-27
CLE,PHI,2024-07-27
MIN,DET,2024-07-27
COL,SFG,2024-07-27
COL,SFG,2024-07-27
CHC,KCR,2024-07-27
LAD,HOU,2024-07-27
MIA,MIL,2024-07-27
WSN,STL,2024-07-27
SEA,CHW,2024-07-27
NYY,BOS,2024-07-27
PIT,ARI,2024-07-27
OAK,LAA,2024-07-27
SDP,BAL,2024-07-28
CLE,PHI,2024-07-28
NYY,BOS,2024-07-28
TEX,TOR,2024-07-28
CIN,TBR,2024-07-28
MIN,DET,2024-07-28
ATL,NYM,2024-07-28
CHC,KCR,2024-07-28
LAD,HOU,2024-07-28
SEA,CHW,2024-07-28
MIA,MIL,2024-07-28
WSN,STL,2024-07-28
COL,SFG,2024-07-28
OAK,LAA,2024-07-28
PIT,ARI,2024-07-28
TOR,BAL,2024-07-29
CLE,DET,2024-07-29
NYY,PHI,2024-07-29
CHC,CIN,2024-07-29
SEA,BOS,2024-07-29
MIN,NYM,2024-07-29
TEX,STL,2024-07-29
PIT,HOU,2024-07-29
KCR,CHW,2024-07-29
ATL,MIL,2024-07-29
WSN,ARI,2024-07-29
CLE,DET,2024-07-30
TOR,BAL,2024-07-30
NYY,PHI,2024-07-30
MIA,TBR,2024-07-30
CHC,CIN,2024-07-30
SEA,BOS,2024-07-30
MIN,NYM,2024-07-30
TEX,STL,2024-07-30
PIT,HOU,2024-07-30
KCR,CHW,2024-07-30
ATL,MIL,2024-07-30
COL,LAA,2024-07-30
WSN,ARI,2024-07-30
LAD,SDP,2024-07-30
OAK,SFG,2024-07-30
MIA,TBR,2024-07-31
TOR,BAL,2024-07-31
NYY,PHI,2024-07-31
MIN,NYM,2024-07-31
KCR,CHW,2024-07-31
ATL,MIL,2024-07-31
TEX,STL,2024-07-31
WSN,ARI,2024-07-31
SEA,BOS,2024-07-31
CHC,CIN,2024-07-31
PIT,HOU,2024-07-31
LAD,SDP,2024-07-31
COL,LAA,2024-07-31
OAK,SFG,2024-07-31
BAL,CLE,2024-08-01
KCR,DET,2024-08-01
MIA,ATL,2024-08-01
STL,CHC,2024-08-01
COL,LAA,2024-08-01
STL,CHC,2024-08-02
KCR,DET,2024-08-02
ARI,PIT,2024-08-02
MIL,WSN,2024-08-02
TOR,NYY,2024-08-02
BAL,CLE,2024-08-02
SFG,CIN,2024-08-02
MIA,ATL,2024-08-02
BOS,TEX,2024-08-02
TBR,HOU,2024-08-02
CHW,MIN,2024-08-02
NYM,LAA,2024-08-02
LAD,OAK,2024-08-02
COL,SDP,2024-08-02
PHI,SEA,2024-08-02
TOR,NYY,2024-08-03
STL,CHC,2024-08-03
MIL,WSN,2024-08-03
KCR,DET,2024-08-03
ARI,PIT,2024-08-03
BOS,TEX,2024-08-03
CHW,MIN,2024-08-03
BAL,CLE,2024-08-03
SFG,CIN,2024-08-03
TBR,HOU,2024-08-03
MIA,ATL,2024-08-03
COL,SDP,2024-08-03
LAD,OAK,2024-08-03
NYM,LAA,2024-08-03
PHI,SEA,2024-08-03
ARI,PIT,2024-08-04
MIA,ATL,2024-08-04
TOR,NYY,2024-08-04
MIL,WSN,2024-08-04
BAL,CLE,2024-08-04
KCR,DET,2024-08-04
SFG,CIN,2024-08-04
TBR,HOU,2024-08-04
CHW,MIN,2024-08-04
STL,CHC,2024-08-04
BOS,TEX,2024-08-04
NYM,LAA,2024-08-04
LAD,OAK,2024-08-04
COL,SDP,2024-08-04
PHI,SEA,2024-08-04
ARI,CLE,2024-08-05
CIN,MIA,2024-08-05
SFG,WSN,2024-08-05
HOU,TEX,2024-08-05
MIN,CHC,2024-08-05
BOS,KCR,2024-08-05
CHW,OAK,2024-08-05
PHI,LAD,2024-08-05
ARI,CLE,2024-08-06
SDP,PIT,2024-08-06
CIN,MIA,2024-08-06
SFG,WSN,2024-08-06
LAA,NYY,2024-08-06
BAL,TOR,2024-08-06
MIL,ATL,2024-08-06
TBR,STL,2024-08-06
HOU,TEX,2024-08-06
MIN,CHC,2024-08-06
BOS,KCR,2024-08-06
NYM,COL,2024-08-06
DET,SEA,2024-08-06
CHW,OAK,2024-08-06
PHI,LAD,2024-08-06
ARI,CLE,2024-08-07
MIN,CHC,2024-08-07
HOU,TEX,2024-08-07
CHW,OAK,2024-08-07
SDP,PIT,2024-08-07
CIN,MIA,2024-08-07
SFG,WSN,2024-08-07
LAA,NYY,2024-08-07
BAL,TOR,2024-08-07
MIL,ATL,2024-08-07
TBR,STL,2024-08-07
BOS,KCR,2024-08-07
NYM,COL,2024-08-07
DET,SEA,2024-08-07
PHI,LAD,2024-08-07
MIL,ATL,2024-08-08
SDP,PIT,2024-08-08
NYM,COL,2024-08-08
SFG,WSN,2024-08-08
CIN,MIA,2024-08-08
LAA,NYY,2024-08-08
BAL,TOR,2024-08-08
TBR,STL,2024-08-08
DET,SEA,2024-08-08
PHI,ARI,2024-08-08
LAA,WSN,2024-08-09
BAL,TBR,2024-08-09
TEX,NYY,2024-08-09
OAK,TOR,2024-08-09
HOU,BOS,2024-08-09
SDP,MIA,2024-08-09
STL,KCR,2024-08-09
CLE,MIN,2024-08-09
CHC,CHW,2024-08-09
CIN,MIL,2024-08-09
ATL,COL,2024-08-09
PHI,ARI,2024-08-09
PIT,LAD,2024-08-09
NYM,SEA,2024-08-09
DET,SFG,2024-08-09
TEX,NYY,2024-08-10
OAK,TOR,2024-08-10
DET,SFG,2024-08-10
HOU,BOS,2024-08-10
SDP,MIA,2024-08-10
LAA,WSN,2024-08-10
STL,KCR,2024-08-10
CLE,MIN,2024-08-10
CIN,MIL,2024-08-10
BAL,TBR,2024-08-10
CHC,CHW,2024-08-10
PHI,ARI,2024-08-10
ATL,COL,2024-08-10
PIT,LAD,2024-08-10
NYM,SEA,2024-08-10
HOU,BOS,2024-08-11
LAA,WSN,2024-08-11
TEX,NYY,2024-08-11
OAK,TOR,2024-08-11
BAL,TBR,2024-08-11
SDP,MIA,2024-08-11
CLE,MIN,2024-08-11
CIN,MIL,2024-08-11
ATL,COL,2024-08-11
DET,SFG,2024-08-11
PIT,LAD,2024-08-11
NYM,SEA,2024-08-11
PHI,ARI,2024-08-11
CHC,CLE,2024-08-12
STL,CIN,2024-08-12
HOU,TBR,2024-08-12
TEX,BOS,2024-08-12
KCR,MIN,2024-08-12
NYY,CHW,2024-08-12
LAD,MIL,2024-08-12
TOR,LAA,2024-08-12
COL,ARI,2024-08-12
PIT,SDP,2024-08-12
ATL,SFG,2024-08-12
WSN,BAL,2024-08-13
CHC,CLE,2024-08-13
SEA,DET,2024-08-13
STL,CIN,2024-08-13
MIA,PHI,2024-08-13
HOU,TBR,2024-08-13
OAK,NYM,2024-08-13
TEX,BOS,2024-08-13
KCR,MIN,2024-08-13
NYY,CHW,2024-08-13
LAD,MIL,2024-08-13
TOR,LAA,2024-08-13
COL,ARI,2024-08-13
PIT,SDP,2024-08-13
ATL,SFG,2024-08-13
KCR,MIN,2024-08-14
COL,ARI,2024-08-14
PIT,SDP,2024-08-14
TEX,BOS,2024-08-14
WSN,BAL,2024-08-14
CHC,CLE,2024-08-14
SEA,DET,2024-08-14
STL,CIN,2024-08-14
MIA,PHI,2024-08-14
HOU,TBR,2024-08-14
OAK,NYM,2024-08-14
NYY,CHW,2024-08-14
LAD,MIL,2024-08-14
TOR,LAA,2024-08-14
ATL,SFG,2024-08-14
OAK,NYM,2024-08-15
SEA,DET,2024-08-15
LAD,MIL,2024-08-15
ATL,SFG,2024-08-15
BOS,BAL,2024-08-15
WSN,PHI,2024-08-15
MIN,TEX,2024-08-15
TOR,CHC,2024-08-16
KCR,CIN,2024-08-16
SEA,PIT,2024-08-16
WSN,PHI,2024-08-16
NYY,DET,2024-08-16
ARI,TBR,2024-08-16
BOS,BAL,2024-08-16
MIA,NYM,2024-08-16
MIN,TEX,2024-08-16
CHW,HOU,2024-08-16
CLE,MIL,2024-08-16
LAD,STL,2024-08-16
SDP,COL,2024-08-16
ATL,LAA,2024-08-16
SEA,PIT,2024-08-17
NYY,DET,2024-08-17
TOR,CHC,2024-08-17
BOS,BAL,2024-08-17
ARI,TBR,2024-08-17
MIA,NYM,2024-08-17
WSN,PHI,2024-08-17
KCR,CIN,2024-08-17
MIN,TEX,2024-08-17
SFG,OAK,2024-08-17
CHW,HOU,2024-08-17
LAD,STL,2024-08-17
CLE,MIL,2024-08-17
SDP,COL,2024-08-17
ATL,LAA,2024-08-17
BOS,BAL,2024-08-18
SEA,PIT,2024-08-18
WSN,PHI,2024-08-18
KCR,CIN,2024-08-18
ARI,TBR,2024-08-18
MIA,NYM,2024-08-18
CHW,HOU,2024-08-18
CLE,MIL,2024-08-18
LAD,STL,2024-08-18
TOR,CHC,2024-08-18
MIN,TEX,2024-08-18
SDP,COL,2024-08-18
SFG,OAK,2024-08-18
ATL,LAA,2024-08-18
NYY,DET,2024-08-18
ARI,MIA,2024-08-19
CIN,TOR,2024-08-19
BAL,NYM,2024-08-19
PIT,TEX,2024-08-19
BOS,HOU,2024-08-19
LAA,KCR,2024-08-19
TBR,OAK,2024-08-19
MIN,SDP,2024-08-19
CHW,SFG,2024-08-19
SEA,LAD,2024-08-19
ARI,MIA,2024-08-20
COL,WSN,2024-08-20
CLE,NYY,2024-08-20
CIN,TOR,2024-08-20
BAL,NYM,2024-08-20
PHI,ATL,2024-08-20
MIL,STL,2024-08-20
DET,CHC,2024-08-20
PIT,TEX,2024-08-20
BOS,HOU,2024-08-20
LAA,KCR,2024-08-20
TBR,OAK,2024-08-20
MIN,SDP,2024-08-20
CHW,SFG,2024-08-20
SEA,LAD,2024-08-20
BAL,NYM,2024-08-21
BOS,HOU,2024-08-21
PIT,TEX,2024-08-21
CHW,SFG,2024-08-21
MIN,SDP,2024-08-21
ARI,MIA,2024-08-21
COL,WSN,2024-08-21
CLE,NYY,2024-08-21
CIN,TOR,2024-08-21
PHI,ATL,2024-08-21
MIL,STL,2024-08-21
DET,CHC,2024-08-21
LAA,KCR,2024-08-21
TBR,OAK,2024-08-21
SEA,LAD,2024-08-21
COL,WSN,2024-08-22
CLE,NYY,2024-08-22
MIL,STL,2024-08-22
DET,CHC,2024-08-22
TBR,OAK,2024-08-22
CIN,PIT,2024-08-22
LAA,TOR,2024-08-22
HOU,BAL,2024-08-22
PHI,ATL,2024-08-22
NYM,SDP,2024-08-22
CIN,PIT,2024-08-23
HOU,BAL,2024-08-23
COL,NYY,2024-08-23
LAA,TOR,2024-08-23
ARI,BOS,2024-08-23
TEX,CLE,2024-08-23
CHC,MIA,2024-08-23
WSN,ATL,2024-08-23
STL,MIN,2024-08-23
PHI,KCR,2024-08-23
DET,CHW,2024-08-23
NYM,SDP,2024-08-23
MIL,OAK,2024-08-23
SFG,SEA,2024-08-23
TBR,LAD,2024-08-23
COL,NYY,2024-08-24
LAA,TOR,2024-08-24
HOU,BAL,2024-08-24
MIL,OAK,2024-08-24
ARI,BOS,2024-08-24
SFG,SEA,2024-08-24
CHC,MIA,2024-08-24
CIN,PIT,2024-08-24
TEX,CLE,2024-08-24
STL,MIN,2024-08-24
PHI,KCR,2024-08-24
DET,CHW,2024-08-24
WSN,ATL,2024-08-24
NYM,SDP,2024-08-24
TBR,LAD,2024-08-24
ARI,BOS,2024-08-25
HOU,BAL,2024-08-25
CIN,PIT,2024-08-25
WSN,ATL,2024-08-25
COL,NYY,2024-08-25
LAA,TOR,2024-08-25
TEX,CLE,2024-08-25
CHC,MIA,2024-08-25
STL,MIN,2024-08-25
PHI,KCR,2024-08-25
DET,CHW,2024-08-25
MIL,OAK,2024-08-25
NYM,SDP,2024-08-25
SFG,SEA,2024-08-25
TBR,LAD,2024-08-25
KCR,CLE,2024-08-26
CHC,PIT,2024-08-26
HOU,PHI,2024-08-26
NYY,WSN,2024-08-26
TOR,BOS,2024-08-26
ATL,MIN,2024-08-26
SDP,STL,2024-08-26
DET,CHW,2024-08-26
MIA,COL,2024-08-26
TBR,SEA,2024-08-26
LAA,DET,2024-08-27
KCR,CLE,2024-08-27
OAK,CIN,2024-08-27
CHC,PIT,2024-08-27
HOU,PHI,2024-08-27
NYY,WSN,2024-08-27
TOR,BOS,2024-08-27
ATL,MIN,2024-08-27
SDP,STL,2024-08-27
TEX,CHW,2024-08-27
SFG,MIL,2024-08-27
MIA,COL,2024-08-27
NYM,ARI,2024-08-27
TBR,SEA,2024-08-27
BAL,LAD,2024-08-27
CHC,PIT,2024-08-28
KCR,CLE,2024-08-28
HOU,PHI,2024-08-28
TBR,SEA,2024-08-28
LAA,DET,2024-08-28
OAK,CIN,2024-08-28
NYY,WSN,2024-08-28
TOR,BOS,2024-08-28
ATL,MIN,2024-08-28
SDP,STL,2024-08-28
TEX,CHW,2024-08-28
SFG,MIL,2024-08-28
MIA,COL,2024-08-28
NYM,ARI,2024-08-28
BAL,LAD,2024-08-28
LAA,DET,2024-08-29
TEX,CHW,2024-08-29
SFG,MIL,2024-08-29
SDP,STL,2024-08-29
MIA,COL,2024-08-29
NYM,ARI,2024-08-29
OAK,CIN,2024-08-29
ATL,PHI,2024-08-29
TOR,BOS,2024-08-29
KCR,HOU,2024-08-29
BAL,LAD,2024-08-29
BOS,DET,2024-08-30
ATL,PHI,2024-08-30
MIL,CIN,2024-08-30
CHC,WSN,2024-08-30
SDP,TBR,2024-08-30
STL,NYY,2024-08-30
PIT,CLE,2024-08-30
OAK,TEX,2024-08-30
KCR,HOU,2024-08-30
TOR,MIN,2024-08-30
NYM,CHW,2024-08-30
BAL,COL,2024-08-30
SEA,LAA,2024-08-30
LAD,ARI,2024-08-30
MIA,SFG,2024-08-30
STL,NYY,2024-08-31
CHC,WSN,2024-08-31
SDP,TBR,2024-08-31
BOS,DET,2024-08-31
PIT,CLE,2024-08-31
OAK,TEX,2024-08-31
KCR,HOU,2024-08-31
TOR,MIN,2024-08-31
NYM,CHW,2024-08-31
ATL,PHI,2024-08-31
MIL,CIN,2024-08-31
BAL,COL,2024-08-31
LAD,ARI,2024-08-31
MIA,SFG,2024-08-31
SEA,LAA,2024-08-31
MIL,CIN,2024-09-01
CHC,WSN,2024-09-01
ATL,PHI,2024-09-01
STL,NYY,2024-09-01
BOS,DET,2024-09-01
SDP,TBR,2024-09-01
KCR,HOU,2024-09-01
TOR,MIN,2024-09-01
NYM,CHW,2024-09-01
OAK,TEX,2024-09-01
PIT,CLE,2024-09-01
BAL,COL,2024-09-01
MIA,SFG,2024-09-01
SEA,LAA,2024-09-01
LAD,ARI,2024-09-01
CHW,BAL,2024-09-02
STL,MIL,2024-09-02
HOU,CIN,2024-09-02
CLE,KCR,2024-09-02
LAD,ARI,2024-09-02
DET,SDP,2024-09-02
MIN,TBR,2024-09-02
SEA,OAK,2024-09-02
BOS,NYM,2024-09-02
PIT,CHC,2024-09-02
NYY,TEX,2024-09-02
CHW,BAL,2024-09-03
WSN,MIA,2024-09-03
MIN,TBR,2024-09-03
PHI,TOR,2024-09-03
BOS,NYM,2024-09-03
COL,ATL,2024-09-03
CLE,KCR,2024-09-03
PIT,CHC,2024-09-03
STL,MIL,2024-09-03
NYY,TEX,2024-09-03
LAD,LAA,2024-09-03
SEA,OAK,2024-09-03
ARI,SFG,2024-09-03
PHI,TOR,2024-09-04
CHW,BAL,2024-09-04
HOU,CIN,2024-09-04
WSN,MIA,2024-09-04
MIN,TBR,2024-09-04
BOS,NYM,2024-09-04
COL,ATL,2024-09-04
CLE,KCR,2024-09-04
PIT,CHC,2024-09-04
STL,MIL,2024-09-04
NYY,TEX,2024-09-04
LAD,LAA,2024-09-04
DET,SDP,2024-09-04
SEA,OAK,2024-09-04
ARI,SFG,2024-09-04
HOU,CIN,2024-09-05
MIN,TBR,2024-09-05
SEA,OAK,2024-09-05
ARI,SFG,2024-09-05
WSN,PIT,2024-09-05
PHI,MIA,2024-09-05
COL,ATL,2024-09-05
LAA,TEX,2024-09-05
DET,SDP,2024-09-05
NYY,CHC,2024-09-06
WSN,PIT,2024-09-06
TBR,BAL,2024-09-06
CIN,NYM,2024-09-06
CHW,BOS,2024-09-06
PHI,MIA,2024-09-06
TOR,ATL,2024-09-06
LAA,TEX,2024-09-06
ARI,HOU,2024-09-06
MIN,KCR,2024-09-06
COL,MIL,2024-09-06
SEA,STL,2024-09-06
DET,OAK,2024-09-06
SFG,SDP,2024-09-06
CLE,LAD,2024-09-06
NYY,CHC,2024-09-07
TBR,BAL,2024-09-07
DET,OAK,2024-09-07
ARI,HOU,2024-09-07
CIN,NYM,2024-09-07
PHI,MIA,2024-09-07
WSN,PIT,2024-09-07
MIN,KCR,2024-09-07
COL,MIL,2024-09-07
SEA,STL,2024-09-07
LAA,TEX,2024-09-07
CHW,BOS,2024-09-07
TOR,ATL,2024-09-07
SFG,SDP,2024-09-07
CLE,LAD,2024-09-07
WSN,PIT,2024-09-08
TBR,BAL,2024-09-08
TOR,ATL,2024-09-08
CHW,BOS,2024-09-08
CIN,NYM,2024-09-08
PHI,MIA,2024-09-08
ARI,HOU,2024-09-08
MIN,KCR,2024-09-08
COL,MIL,2024-09-08
SEA,STL,2024-09-08
NYY,CHC,2024-09-08
LAA,TEX,2024-09-08
DET,OAK,2024-09-08
CLE,LAD,2024-09-08
SFG,SDP,2024-09-08
TBR,PHI,2024-09-09
MIA,PIT,2024-09-09
KCR,NYY,2024-09-09
NYM,TOR,2024-09-09
BAL,BOS,2024-09-09
LAA,MIN,2024-09-09
CLE,CHW,2024-09-09
CHC,LAD,2024-09-09
COL,DET,2024-09-10
TBR,PHI,2024-09-10
MIA,PIT,2024-09-10
ATL,WSN,2024-09-10
KCR,NYY,2024-09-10
NYM,TOR,2024-09-10
BAL,BOS,2024-09-10
LAA,MIN,2024-09-10
CLE,CHW,2024-09-10
CIN,STL,2024-09-10
OAK,HOU,2024-09-10
SDP,SEA,2024-09-10
TEX,ARI,2024-09-10
MIL,SFG,2024-09-10
CHC,LAD,2024-09-10
MIA,PIT,2024-09-11
CLE,CHW,2024-09-11
NYM,TOR,2024-09-11
TEX,ARI,2024-09-11
COL,DET,2024-09-11
TBR,PHI,2024-09-11
ATL,WSN,2024-09-11
KCR,NYY,2024-09-11
BAL,BOS,2024-09-11
LAA,MIN,2024-09-11
CIN,STL,2024-09-11
OAK,HOU,2024-09-11
SDP,SEA,2024-09-11
MIL,SFG,2024-09-11
CHC,LAD,2024-09-11
COL,DET,2024-09-12
CIN,STL,2024-09-12
OAK,HOU,2024-09-12
TBR,CLE,2024-09-12
MIA,WSN,2024-09-12
BOS,NYY,2024-09-12
TEX,SEA,2024-09-12
MIL,SFG,2024-09-12
BAL,DET,2024-09-13
KCR,PIT,2024-09-13
NYM,PHI,2024-09-13
MIA,WSN,2024-09-13
BOS,NYY,2024-09-13
STL,TOR,2024-09-13
TBR,CLE,2024-09-13
LAD,ATL,2024-09-13
OAK,CHW,2024-09-13
CIN,MIN,2024-09-13
CHC,COL,2024-09-13
HOU,LAA,2024-09-13
MIL,ARI,2024-09-13
TEX,SEA,2024-09-13
SDP,SFG,2024-09-13
BOS,NYY,2024-09-14
STL,TOR,2024-09-14
NYM,PHI,2024-09-14
MIA,WSN,2024-09-14
BAL,DET,2024-09-14
TBR,CLE,2024-09-14
KCR,PIT,2024-09-14
CIN,MIN,2024-09-14
OAK,CHW,2024-09-14
LAD,ATL,2024-09-14
CHC,COL,2024-09-14
MIL,ARI,2024-09-14
SDP,SFG,2024-09-14
HOU,LAA,2024-09-14
TEX,SEA,2024-09-14
KCR,PIT,2024-09-15
NYM,PHI,2024-09-15
LAD,ATL,2024-09-15
MIA,WSN,2024-09-15
BOS,NYY,2024-09-15
STL,TOR,2024-09-15
BAL,DET,2024-09-15
TBR,CLE,2024-09-15
CIN,MIN,2024-09-15
OAK,CHW,2024-09-15
CHC,COL,2024-09-15
SDP,SFG,2024-09-15
HOU,LAA,2024-09-15
TEX,SEA,2024-09-15
MIL,ARI,2024-09-15
MIN,CLE,2024-09-16
WSN,NYM,2024-09-16
LAD,ATL,2024-09-16
DET,KCR,2024-09-16
OAK,CHC,2024-09-16
PHI,MIL,2024-09-16
PIT,STL,2024-09-16
ARI,COL,2024-09-16
CHW,LAA,2024-09-16
HOU,SDP,2024-09-16
SFG,BAL,2024-09-17
MIN,CLE,2024-09-17
ATL,CIN,2024-09-17
LAD,MIA,2024-09-17
BOS,TBR,2024-09-17
WSN,NYM,2024-09-17
DET,KCR,2024-09-17
OAK,CHC,2024-09-17
PHI,MIL,2024-09-17
PIT,STL,2024-09-17
TOR,TEX,2024-09-17
ARI,COL,2024-09-17
CHW,LAA,2024-09-17
HOU,SDP,2024-09-17
NYY,SEA,2024-09-17
OAK,CHC,2024-09-18
ARI,COL,2024-09-18
CHW,LAA,2024-09-18
SFG,BAL,2024-09-18
HOU,SDP,2024-09-18
MIN,CLE,2024-09-18
ATL,CIN,2024-09-18
LAD,MIA,2024-09-18
BOS,TBR,2024-09-18
WSN,NYM,2024-09-18
DET,KCR,2024-09-18
PHI,MIL,2024-09-18
PIT,STL,2024-09-18
TOR,TEX,2024-09-18
NYY,SEA,2024-09-18
SFG,BAL,2024-09-19
MIN,CLE,2024-09-19
ATL,CIN,2024-09-19
TOR,TEX,2024-09-19
NYY,SEA,2024-09-19
LAD,MIA,2024-09-19
BOS,TBR,2024-09-19
PHI,NYM,2024-09-19
PIT,STL,2024-09-19
WSN,CHC,2024-09-19
ARI,MIL,2024-09-19
LAA,HOU,2024-09-19
WSN,CHC,2024-09-20
PIT,CIN,2024-09-20
TOR,TBR,2024-09-20
DET,BAL,2024-09-20
MIN,BOS,2024-09-20
PHI,NYM,2024-09-20
ATL,MIA,2024-09-20
SEA,TEX,2024-09-20
LAA,HOU,2024-09-20
SFG,KCR,2024-09-20
ARI,MIL,2024-09-20
CLE,STL,2024-09-20
CHW,SDP,2024-09-20
NYY,OAK,2024-09-20
COL,LAD,2024-09-20
PIT,CIN,2024-09-21
WSN,CHC,2024-09-21
DET,BAL,2024-09-21
TOR,TBR,2024-09-21
MIN,BOS,2024-09-21
PHI,NYM,2024-09-21
ATL,MIA,2024-09-21
SEA,TEX,2024-09-21
LAA,HOU,2024-09-21
SFG,KCR,2024-09-21
ARI,MIL,2024-09-21
CLE,STL,2024-09-21
CHW,SDP,2024-09-21
NYY,OAK,2024-09-21
COL,LAD,2024-09-21
PIT,CIN,2024-09-22
DET,BAL,2024-09-22
MIN,BOS,2024-09-22
TOR,TBR,2024-09-22
PHI,NYM,2024-09-22
ATL,MIA,2024-09-22
LAA,HOU,2024-09-22
SFG,KCR,2024-09-22
ARI,MIL,2024-09-22
CLE,STL,2024-09-22
WSN,CHC,2024-09-22
SEA,TEX,2024-09-22
NYY,OAK,2024-09-22
COL,LAD,2024-09-22
CHW,SDP,2024-09-22
CHC,PHI,2024-09-23
BOS,TOR,2024-09-23
SEA,HOU,2024-09-23
SFG,ARI,2024-09-23
CIN,CLE,2024-09-24
TBR,DET,2024-09-24
CHC,PHI,2024-09-24
MIL,PIT,2024-09-24
KCR,WSN,2024-09-24
BAL,NYY,2024-09-24
BOS,TOR,2024-09-24
NYM,ATL,2024-09-24
LAA,CHW,2024-09-24
MIA,MIN,2024-09-24
SEA,HOU,2024-09-24
STL,COL,2024-09-24
SFG,ARI,2024-09-24
TEX,OAK,2024-09-24
SDP,LAD,2024-09-24
SEA,HOU,2024-09-25
CHC,PHI,2024-09-25
CIN,CLE,2024-09-25
TBR,DET,2024-09-25
MIL,PIT,2024-09-25
KCR,WSN,2024-09-25
BAL,NYY,2024-09-25
BOS,TOR,2024-09-25
NYM,ATL,2024-09-25
LAA,CHW,2024-09-25
MIA,MIN,2024-09-25
STL,COL,2024-09-25
SFG,ARI,2024-09-25
TEX,OAK,2024-09-25
SDP,LAD,2024-09-25
MIL,PIT,2024-09-26
KCR,WSN,2024-09-26
TBR,DET,2024-09-26
LAA,CHW,2024-09-26
STL,COL,2024-09-26
TEX,OAK,2024-09-26
BAL,NYY,2024-09-26
MIA,MIN,2024-09-26
SDP,LAD,2024-09-26
CIN,CHC,2024-09-27
CHW,DET,2024-09-27
PHI,WSN,2024-09-27
PIT,NYY,2024-09-27
MIA,TOR,2024-09-27
HOU,CLE,2024-09-27
TBR,BOS,2024-09-27
KCR,ATL,2024-09-27
LAD,COL,2024-09-27
BAL,MIN,2024-09-27
NYM,MIL,2024-09-27
TEX,LAA,2024-09-27
SDP,ARI,2024-09-27
OAK,SEA,2024-09-27
STL,SFG,2024-09-27
PIT,NYY,2024-09-28
CHW,DET,2024-09-28
BAL,MIN,2024-09-28
CIN,CHC,2024-09-28
MIA,TOR,2024-09-28
STL,SFG,2024-09-28
PHI,WSN,2024-09-28
TBR,BOS,2024-09-28
HOU,CLE,2024-09-28
NYM,MIL,2024-09-28
KCR,ATL,2024-09-28
LAD,COL,2024-09-28
SDP,ARI,2024-09-28
TEX,LAA,2024-09-28
OAK,SEA,2024-09-28
STL,SFG,2024-09-29
TBR,BOS,2024-09-29
PHI,WSN,2024-09-29
PIT,NYY,2024-09-29
TEX,LAA,2024-09-29
MIA,TOR,2024-09-29
HOU,CLE,2024-09-29
LAD,COL,2024-09-29
SDP,ARI,2024-09-29
OAK,SEA,2024-09-29
BAL,MIN,2024-09-29
CHW,DET,2024-09-29
NYM,MIL,2024-09-29
CIN,CHC,2024-09-29
KCR,ATL,2024-09-29